title,date,views,likes,comments,team_score,opponent_score
EXPRESSIONS LOSES IT WITH VAR & RANTS RIPS INTO MAN UTD!!! Bants Sports OOZ #20,2021-12-29,63448,2575,551,,
ITS NOT GOOD ENOUGH WE NEED TO BE WINNING THESE GAMES! Southampton 1-1 Tottenham EXPRESSIONS REACTS,2021-12-28,72764,3234,688,1.0,1.0
2 POINTS LOST!! ü§¨Southampton 1 -1 Tottenham | LIVE Watch Along With Expressions,2021-12-28,69452,2057,224,1.0,1.0
PALACE PUT IN A SPLIFF WITHOUT PATRICK VIAGRA!! Tottenham 3-0 Crystal Palace EXPRESSIONS REACTS,2021-12-26,50593,2704,250,3.0,0.0
Tottenham 3-0 Crystal Palace | LIVE Watch Along With Expressions,2021-12-26,40077,1427,58,3.0,0.0
SMOKING THAT WEST HAM PACK INTO THE SEMI‚ÄôS CHELS*UM NEXT! Tottenham 2-1 West Ham EXPRESSIONS REACTS,2021-12-22,53139,2601,300,2.0,1.0
Tottenham 2-1 West Ham | LIVE Watch Along With Expressions,2021-12-22,41321,1500,43,2.0,1.0
TOTTENHAM OFFICIALLY OUT OF EUROPE!!! Bants Sports OOZ #19 @Rants N Bants,2021-12-20,52301,2334,393,,
Tottenham 2-2 Liverpool MATCH DAY VLOG EXPRESSIONS | THE GAME OF THE SEASON SO FAR!!!,2021-12-19,46177,2097,227,2.0,2.0
Tottenham 2 vs Liverpool 2 - WE HAD MORE CHANCES THAN WENDY WILLIAMS HUSBANDüò≠üò≠ EXPRESSIONS REACTS,2021-12-19,71535,3979,492,,
"THE PRETTIER THE WOMAN THE MORE PROBLEMS FOR THE MAN, I NEARLY GOT ASSAULTED! EX FILES w EXPRESSIONS",2021-12-18,43504,2876,233,,
TOTTENHAM GET CANCELLED EVERYWHERE THEY GO! DELE FINALLY LEAVING? SPURS STILL IN EUROPE? EXPRESSIONS,2021-12-16,46161,2209,223,,
"AUBAMA WHERE? RONALDO SHAMELESS, CITY STEAL ONE, CHELSEA PUNISH LEEDS! Bants Sports OOZ #18",2021-12-13,40486,1620,138,,
"TOTTENHAM OUT OF EUROPE? üò≥ BREXIT FC, UNION JACK HOTSPUR üò≠üò≠  EXPRESSIONS REACTS",2021-12-12,88301,3489,566,,
"TOTTENHAM HOTSPUR IN TROUBLE! ROCKED BY Covid-19 üò≠üò≠, GAMES POSTPONED!! EXPRESSIONS REACTS",2021-12-09,38114,1807,207,,
EXPRESSIONS UNLEASHES ON ARSENAL (R.I.P MARVIN MORGAN) Bants Sports OOZ #17,2021-12-07,68268,3003,412,,
THREE AT LAST LIKE MARTIN LUTHUR KING!! | Tottenham 3-0 Norwich MATCH DAY VLOG with EXPRESSIONS,2021-12-05,28965,1655,119,3.0,0.0
ABOVE THE ARSE LIKE A LOWER BACK CONTE HAS ARRIVED!! Tottenham 3-0 Norwich EXPRESSIONS REACTS,2021-12-05,40521,2375,261,3.0,0.0
SONALDO STINGS THE BEES & CR7 PUTS ASSNA IN A SP***F Tottenham 2-0 Brentford EXPRESSIONS REACTS,2021-12-02,46557,2718,231,2.0,0.0
Tottenham 2-0 Brentford | LIVE Watch Along With Expressions,2021-12-02,43714,1467,27,2.0,0.0
CONTE RIPS THE LEVEL OF THE SPURS PLAYERS AND RANGNICK TAKEOVER - Bants Sports OOZ #16,2021-11-30,57091,2555,312,,
EX Plays FIFA 22 - Tottenham Road To Div 1 #1,2021-11-28,43359,2058,95,1.0,1.0
THE EMBARRASSMENT CONTINUES IM FUMING! NS Mura 2-1 Tottenham MATCH REACTION with EXPRESSIONS,2021-11-25,155621,6619,1306,1.0,2.0
OLE SACKED AND ARSENAL HOLD 4 - Bants Sports OOZ #15,2021-11-24,47870,2286,361,,
ANTONIO CONTE MADE THE DIFFERENCE! Tottenham 2-1 Leeds MATCH REACTION with EXPRESSIONS,2021-11-21,58246,3307,223,2.0,1.0
Tottenham vs Leeds - LIVE Watch Along With Expressions,2021-11-21,84335,2886,87,,
KANE ON FIRE FOR ENGLAND WHAT ABOUT SPURS? THE PL IS BACK! Bants Sports OOZ #14,2021-11-18,43305,2251,261,,
EXPRESSIONS GOES TO HIS FIRST BASKETBALL GAME ft @TroopzTV : Knicks 92-84 Pacers MATCHDAY VLOG,2021-11-16,27346,1608,280,8.0,2.0
"NO SHOTS ON TARGET FOR SPURS AGAIN!, RANTS WANTS OLE TO STAY IN NORWAY! Bants Sports Ooz #13",2021-11-10,68815,3149,407,,
NO CREATIVITY THESE PLAYERS JUST MAKE BABIES! üòëEverton 0-0 Tottenham MATCH REACTION with EXPRESSIONS,2021-11-07,99351,4324,689,0.0,0.0
NOT GOOD ENOUGH! ü§¨ Everton 0 vs Tottenham 0 LIVE WATCH ALONG with Expressions,2021-11-07,70631,2352,169,,
3-0 UP TO HOLDING ON FOR DEAR LIFE ONLY SPURS üò≠üò≠ - Tottenham 3-2 Vitesse EXPRESSIONS REACTS,2021-11-04,81723,3388,555,0.0,3.0
Tottenham 3 vs Vitesse 2 LIVE WATCH ALONG with Expressions,2021-11-04,109482,2808,113,,
"NUNO OUT, CONTE IN AND OLE AT THE WHEEL WITH A NEW LICENCE PLATE! Bants Sports OOZ  #12",2021-11-03,80214,3653,580,,
Antonio Conte WELCOME TO TOTTENHAM! EXPRESSIONS REACTS,2021-11-02,150426,7835,1199,,
NUNO ESPIRITO SANTO SACKED BY TOTTENHAM!!  EXPRESSIONS REACTS!!!,2021-11-01,159332,7252,1158,,
P45 FOR NUNO AND EXPRESSIONS RIPS BEN DAVIES - Tottenham 0-3 Manchester United : PLAYER RATINGS,2021-10-31,103217,4614,578,0.0,3.0
I AM DONE OUT HERE! NUNO HAS TO GOüò° Tottenham 0-3 Manchester United MATCH DAY VLOG with EXPRESSIONS,2021-10-30,228782,7648,822,0.0,3.0
3-0 AGAIN MY HEAD IS GONE ü§¨ NUNO OUT!!! - Tottenham 0-3 Manchester United Match Reaction,2021-10-30,222053,10760,1591,0.0,3.0
"NUNO BALL IS KILLING ME, LUCAS MOURA SAVES THE DAY! Burnley 0-1 Tottenham Match Reaction EXPRESSIONS",2021-10-27,51687,2517,270,1.0,0.0
Ole OUT! And Is Nuno On Thin Ice! Expressions and Rants IN THE MUD! Bants Sports OOZ #11,2021-10-26,94850,3841,616,,
HARRY KANE PLAYING DEFENSIVE MIDFIELD! ü§¨ West Ham vs Tottenham 1-0 PLAYER RATINGS with EXPRESSIONS,2021-10-25,58637,2709,404,1.0,0.0
WE HAVE LOST 4 DERBYS ALREADY! ü§¨ü§¨ IVE HAD ENOUGH! West Ham (1) vs Tottenham (0) EXPRESSIONS REACTS,2021-10-24,138004,6831,967,,
IVE HAD ENOUGH OF THIS ü§¨ü§¨! West Ham (1) vs Tottenham (0) - LIVE Watch Along With Expressions,2021-10-24,114675,3235,260,,
NUNO MUST HAVE THESE GUYS LISTENING TO RICKY MARTIN INSTEAD OF TRAINING! ü§¨ West Ham vs Tottenham,2021-10-23,34745,2103,148,,
I THOUGHT I COULD I HAVE A NIGHT OFF BUT NO!! ü§¨Vitesse 1 vs Tottenham 0 EXPRESSIONS REACTS,2021-10-21,97942,5181,705,,
IS EXPRESSIONS MOVING TO AMERICA? RANTS WANTS OLE OUT AND RIPS HARRY MAGUIRE!ü§¨BANTS SPORTS OOZ EP10,2021-10-20,65669,3167,609,,
EXPRESSIONS OOZING SIGNS! THANK YOU TO ALL MY FANS WHO MADE THIS POSSIBLE! ‚ù§Ô∏è YOU CHANGED MY LIFE!,2021-10-18,83821,5910,791,,
MO MONEY MORE PROBLEMS LIKE BIGGIE SMALLSüòÇ NU-NO SUBS AGAIN! Newcastle 2 vs Tottenham 3 EXPRESSIONS,2021-10-17,59545,2930,306,,
Newcastle (2) vs Tottenham (3) LIVE WATCH ALONG With EXPRESSIONS,2021-10-17,115363,2950,83,,
WHERE IS HARRY KANE?ü§¨ NUNO HAS TO WIN SUNDAY! DELE TO NEWCASTLE? üò≥ Newcastle vs Spurs EXPRESSIONS,2021-10-15,32859,1750,195,,
"NEWCASTLE WIN THE SHEIK LOTTERY,  RONALDO PLAYER OF THE MONTH THE PREM IS BACK! BANTS SPORTS OOZ 9",2021-10-13,49663,2100,690,,
"HALF HEARTED HARRY KANE üò≠, RONALDO DROPPED LOSES IT WITH OLE, MO SALAH GOAT? BANTS SPORTS OOZ EP 8",2021-10-05,63677,2483,452,,
3 POINTS BUT IS HARRY KANE IS PLAYING IN A STRAIGHT JACKET? Tottenham 2 vs Aston Villa 1 EXPRESSIONS,2021-10-03,50955,2355,241,,
"SPURS TAKE THE 3 POINTS, KANE STILL MISSINGüò¥üò¥ Tottenham 2 vs Aston Villa 1 EXPRESSIONS VLOG",2021-10-03,45925,2031,161,,
I STILL GOT PTSD FROM THE NORTH LONDON DERBYüò¥ NUNO NEEDS TO BEAT VILLA! Spurs 5 Mura 1 EXPRESSIONS,2021-09-30,73049,3131,323,,
"EXPRESSIONS LOSES IT WITH NUNO, LEVY AND SPURS ü§¨UNITED LOSE AGAIN, AJ VS USYK  BANTS SPORTS OOZ EP7",2021-09-28,130800,4612,670,,
ABSOLUTELY EMBARRASSED IN A NORTH LONDON DERBY WE ARE IN TROUBLEü§¨ Arsenal 3 Tottenham 1 EXPRESSIONS,2021-09-26,323558,13887,2192,,
THIS WAS THE WORST NLD IN AGES WE GOT PEPPERED ü§¨ü§¨Arsenal 3 vs Tottenham 1 LIVE with EXPRESSIONS,2021-09-26,285449,8592,812,,
WE NEVER AGREE WE GO TO WAR ON SUNDAY| Arsenal vs Tottenham NLD COMBINED 11 @TroopzTV vs EXPRESSIONS,2021-09-25,124574,4918,732,,
EXPRESSIONS GOES TO WWE LIVE 02 LONDON FEAT @TroopzTV PRE DRINKS BEFORE NORTH LONDON DERBY!,2021-09-23,43543,1701,154,,
HAPPY TO WIN BUT WE ALWAYS COLLAPSE SECOND HALF! üò≠ ! Wolves (2) Tottenham (2) EXPRESSIONS REACTS,2021-09-22,40515,1946,155,,
Wolves vs Tottenham CARABAO CUP LIVE WITH EXPRESSIONS,2021-09-22,72127,2311,44,,
"CHELSC*M RUN RIOT AT SPURS, CR7 SCORES AGAIN, ASSNA COMING BACK? BANTS SPORTS OOZ EP 6| RANTS + NIC",2021-09-21,58410,2389,858,,
"NO HEART, PASSION OR FIGHT 2ND HALF ITS EMBARRASSING!ü§¨Tottenham (0) vs Chelsea (3) EXPRESSIONS VLOG",2021-09-19,108408,3833,384,,
WE GOT ABSOLUTELY EMBARRASSED TODAY IM FUMING!ü§¨ Tottenham (0) vs Chelsea (3) EXPRESSIONS REACTS,2021-09-19,199422,9242,1456,,
IM SCARED OF WHAT THE SCORE WILL BE AGAINST CHELSEAüò≠ Rennes (2) vs Tottenham (2) EXPRESSIONS REACTS,2021-09-16,79004,3385,498,,
THE FOOTBALL WAS TERRIBLE!! Rennes (2) vs Tottenham (2) EUROPA Conference LEAGUE LIVE EXPRESSIONS,2021-09-16,61456,2236,104,,
SPURS DESTROYED BY PALACE üò≠RONALDO RUNS WILD AT HOME@Rants N Bants OLE OUT! BANTS SPORTS OOZ EP5,2021-09-14,44941,2133,404,,
3 GOALS BY CRYSTAL METH FC FOR BREAKFAST EMBARASSING!ü§¨ Crystal Palace 3 Tottenham 0 EXPRESSIONS,2021-09-11,142709,6565,903,,
I CAN‚ÄôT BELIEVE IT!! Crystal Palace 3  vs Tottenham 0 LIVE WATCH ALONG With EXPRESSIONS,2021-09-11,119098,3712,381,,
"RANTS DOUBLES DOWN ON CR7, SALAH WANTS 500K, SPURS INJURIESüò≠BANTS SPORTS OOZ EP 4 @James Redmond TV",2021-09-09,43811,2380,1022,,
"SPURS TOP,ü§•  CITY PEPPER ARSENAL üòÅ, @Rants N Bants UNHAPPY WITH CR7üòî SIGNING BANTS SPORTS OOZ EP 3",2021-09-01,57579,3022,631,,
"HEUNG MIN SON ÏÜêÌù•ÎØº IN A MILLION, WE ARE TOP OF THE LEAGUE üòÅüòÅ Tottenham (1) vs Watford (0) EXPRESSIONS",2021-08-29,58479,2675,244,,
NORTH LONDON IS TOP SOUTH LONDON IS BOTTOM Tottenham (1) vs Watford (0) EXPRESSIONS REACTS,2021-08-29,72461,3560,491,,
ARSENAL ABSOLUTELY EMBARRASSING THEMSELVES AGAIN!! Man City (5) Arsenal (0) BANTS SPORTS OOZ EXTRA,2021-08-28,96985,5781,515,,
HARRY CLASS A CO-KANE TURNS PACO INTO TACOS! Tottenham (3) vs Pacos De Ferreira (0) EXPRESSIONS,2021-08-26,37272,2148,198,,
Tottenham 3 vs Pacos De Ferriera 0 EUROPA CONFERENCE LEAGUE LIVE With EXPRESSIONS,2021-08-26,50961,1729,60,,
HARRY KANE IS STAYING AT TOTTENHAM üòÅ I'M DRINKING THE MEDIA‚ÄôS TEARS NDOMBELE LEAVING? EXPRESSIONS,2021-08-26,38098,2459,262,,
"ARSENAL PUT IN A SPLIFF AGAINüòÇ , UNITED DRAW, SPURS STEAL ONE .BANTS SPORTS OOZ EP 2 @Rants N Bants",2021-08-24,51017,2869,364,,
"WE STEAL 3 POINTS,  ARTETA OUT TRENDING ARSENAL ARE IN THE MUD Wolves 0 Spurs 1 Arsenal 0 Chelsea 2",2021-08-22,82019,4383,411,,
Wolves 0 vs Tottenham 1 LIVE WITH EXPRESSIONS,2021-08-22,59054,2433,46,,
WWE SUMMERSLAM LIVE WATCH ALONG WITH EXPRESSIONS @CarefreeLewisG @TroopzTV,2021-08-22,48831,1831,79,,
SHOCKING DISPLAY üò≠SENIOR PLAYERS DIDNT SHOW UP! Pacos de Ferreria 1 vs Tottenham 0 EXPRESSIONS,2021-08-19,93740,4695,684,,
"SHE WAS THE TALLEST GIRL EVER, I WENT OUT WITH THE STATUE OF LIBERTYüò≠ THE EX FILES WITH EXPRESSIONS",2021-08-19,47445,3773,334,,
"ARSENAL IN TURMOIL üòÇ, SPURS TURN OVER MAN CITY, UNITED ON FIRE BANTS SPORTS OOZ EP 1 @Rants N Bants",2021-08-17,77553,4958,646,,
"SONALDO, SON PERIGNON ,SON HEUNG MESSI, ÏÜêÌù•ÎØº  ABSOLUTE SCENES  Tottenham 1 vs Man City 0 EXPRESSIONS",2021-08-15,175126,8291,767,,
PREMIER LEAGUE CHAMPIONS PUT IN A SPLIFF!! Tottenham (1) vs Man City (0) EXPRESSIONS REACTS,2021-08-15,117424,8009,813,,
HARRY KANE TO MAN CITY 150 MILLION? üòïüòî CITIZEN KANE? Tottenham vs Man City EXPRESSIONS REACTS,2021-08-13,45719,2570,349,,
"ARSENAL PUT IN A PRE SEASON SPLIFF , MARTINEZ TO SPURS? Tottenham (1) vs Arsenal (0) EXPRESSIONS",2021-08-08,87906,4456,535,,
Tottenham (1) vs Arsenal (0)  LIVE WITH EXPRESSIONS OOZING PRE SEASON UNFRIENDLY,2021-08-08,93794,2528,105,,
IF WE GO INTO NEXT SEASON WITH THIS DEFENCE WE WILL BE RELEGATED | Chelsea 2 vs Spurs 2 EXPRESSIONS,2021-08-04,102941,4965,657,,
Chelsea vs Tottenham LIVE WITH EXPRESSIONS OOZING | PRE SEASON UNFRIENDLY,2021-08-04,106667,2641,74,,
"HARRY KANE DOESN‚ÄôT TURN UP TO TRAINING, I HOPE HE‚ÄôS ISOLATINGüò≠üò≠ EXPRESSIONS REACTS",2021-08-02,113083,5366,755,,
WE HAVE NO BACK LIKE A KITCHEN APRON AND WE SELL OUR BEST DEFENDER WE ARE IN TROUBLE! EXPRESSIONS,2021-07-29,72171,3763,457,,
FINALLY WE ARE GETTING RID OF DEADWOOD AND SORTING OUT OUR PARALYTIC DEFENCE! EXPRESSIONS REACTS,2021-07-24,71318,3610,335,,
"FOOTBALL DIDN'T COME HOME IT WENT TO A CASA üò≠, DANNY INGZAGHI TO SPURS, EXPRESSIONS WINS A PS5",2021-07-14,67552,3445,284,,
NUNO ESPIRITO SANTO APPOINTED NEW TOTTENHAM MANAGER! MY SEAT BELT IS ON! | EXPRESSIONS REACTS,2021-07-01,117036,6062,660,,
"NO MANAGER, EVERYONE LAUGHING AT US THIS IS BEYOND A JOKE!!ü§¨ KANE TO MAN CITY? EXPRESSIONS REACTS",2021-06-25,96638,5002,692,,
"FONSECA DEAL OFF THIS IS BEYOND EMBARRASSING, GATTUSO IN?? | EXPRESSIONS REACTS",2021-06-17,98178,5447,930,,
PAULO FONSECA TO BE NEW TOTTENHAM MANAGER? LEVY`= CONMAN MCGREGOR ü§¨ü§¨ PATRICI SIGNS! | EXPRESSIONS,2021-06-10,118503,5250,745,,
ANTONIO CONTE TO TOTTTENHAM? LEVY WILL END UP DELIVERING US ANTONIO BANDERAS INSTEADüòëüòî| EXPRESSIONS,2021-06-04,75110,3467,343,,
WE NEED TO SELL THEM ALLü§¨ I HAVE HAD ENOUGH! Tottenham Hotspur CLEAR OUT with EXPRESSIONS OOZING,2021-06-01,104598,5362,631,,
MAURICIO POCHETTINO RETURNING TO TOTTENHAM?? EXPRESSIONS REACTS,2021-05-28,86356,3797,480,,
"WE WIN AND LOSE AT THE SAME TIME, WORST LUCK EVER ü§¨!! Leicester vs Tottenham 2-4 EXPRESSIONS REACTS",2021-05-23,122135,5576,870,2.0,4.0
Leicester City vs Tottenham LIVE WITH EXPRESSIONS OOZING,2021-05-23,106518,3166,202,,
NUNO TO TOTTENHAM? HARRY KANE TO CITY?üò≠ CONFERENCE LEAGUE? ü§¨ WE ARE FINISHED!| EXPRESSIONS REACTS,2021-05-22,82402,3580,552,,
BEYOND EMBARRASSING WE WON‚ÄôT MAKE EUROPA LEAGUE!! ü§¨ Tottenham (1) vs Aston Villa (2) EXPRESSIONS,2021-05-19,178173,7930,1151,,
THE FINAL STRAW ü§¨ü§¨ Tottenham (1) vs Aston Villa (2) LIVE WITH EXPRESSIONS OOZING,2021-05-19,143868,3693,326,,
HARRY KANE LEAVING TOTTENHAM? EXPRESSIONS REACTS,2021-05-18,145696,6302,987,,
DELE PERFORMS TWICE IN A WEEK ON AND OFF THE FIELD PEP IS FUMING!| Spurs vs Wolves 2-0 EXPRESSIONS,2021-05-16,42378,2129,193,0.0,2.0
Tottenham (2) vs Wolves (0) LIVE WITH EXPRESSIONS OOZING,2021-05-16,58839,2043,39,,
"DELE SCORING OFF THE FIELD WITH PEP GUARDIOLA'S DAUGHTER?, WILL SPURS BE IN EUROPE? EXPRESSIONS",2021-05-15,76933,3558,314,,
LADIES YOUR PUNANI IS NOT A GIFT CAN I HAVE A PLAYSTATION 5 INSTEAD?| THE EX FILES with EXPRESSIONS,2021-05-10,98772,7246,513,,
I NEVER THOUGHT THE SEASON COULD GET ANY WORSE!!! ü§¨ Leeds (3) vs Tottenham (1) EXPRESSIONS REACTS,2021-05-08,171223,7849,1200,,
Leeds vs Tottenham LIVE WITH EXPRESSIONS OOZING,2021-05-08,143354,4617,377,,
"ARSE-NILL HAVE A BAD EBENING OUT OF EUROPA, CANCEL EX?, LEEDS TO HOLD THE SWORD LIKE DREW MCINTYRE!",2021-05-07,68128,4246,420,,
GARETH WALES PUT SHEFFIELD IN A SPLIFF |Tottenham vs Sheffield United 4-0  EXPRESSIONS @SAEEDTV,2021-05-02,61420,3295,264,0.0,4.0
Tottenham vs Sheffield United LIVE WITH EXPRESSIONS @Saeed TV,2021-05-02,92617,3042,56,,
MANAGERS REJECTING TOTTENHAM?? WE ARE IN TROUBLE!! WHERE DO WE GO FROM HERE? ! EXPRESSIONS REACTS,2021-05-01,97289,4385,572,,
ANOTHER DIABOLICAL PERFORMANCE IN A FINAL WITH NO GOALS ü§¨! Man City vs Tottenham 1-0 EXPRESSIONS,2021-04-25,174240,6985,1443,1.0,0.0
Manchester City vs Tottenham Carabao Cup Final LIVE WITH EXPRESSIONS,2021-04-25,206423,7085,555,,
CAN SPURS WIN THE CARABAO CUP? WE NEED A MIRACLE!| Tottenham vs Man City EXPRESSIONS REACTS,2021-04-24,38853,2240,325,,
FINALLY A WIN BUT WE NEED A MIRACLE AGAINST MAN CITY!üò≥|Tottenham (2) vs Southampton (1) EXPRESSIONS,2021-04-21,60287,3175,276,,
Tottenham vs Southampton LIVE With EXPRESSIONS OOZING,2021-04-21,115767,3590,119,,
"Jose Mourinho SACKED at Tottenham, European Super League = RIP to Football| EXPRESSIONS REACTS",2021-04-19,170112,8445,1252,,
ENOUGH! WE ARE ABSOLUTELY FINISHED BRUCE JENNA COULDN'T TURN THIS AROUND. Everton (2) vs Spurs (2),2021-04-16,144240,5951,806,,
Everton vs Tottenham LIVE WITH EXPRESSIONS OOZING,2021-04-16,139149,4212,199,,
"DELE INSTA LIVE MOURINHO OUT? KANE NEEDS CHAMPIONS LEAGUE, CAN WE BEAT EVERTON? EXPRESSIONS REACTS",2021-04-15,88743,3347,277,,
SEASON OVER!!! WE ARE FINISHED PLAYERS MANAGER EVERYTHING ü§¨! | Spurs (1) vs Man U (3) EXPRESSIONS,2021-04-11,193729,7010,1063,,
Tottenham vs Manchester United LIVE With EXPRESSIONS OOZING,2021-04-11,183582,4861,573,,
IT KICKED OFF ONCE AGAIN!!! Tottenham vs Manchester United MATCH PREVIEW EXPRESSIONS VS @Saeed TV,2021-04-09,61387,2515,237,,
TOP 4 OVER BEFORE IF IT EVEN STARTED ITS ALWAYS THE SAMEü§¨Newcastle (2) vs Tottenham (2) EXPRESSIONS,2021-04-04,129963,5420,700,,
ITS ALWAYS THE SAME OLD ü§¨ü§¨Newcastle (2) vs Tottenham (2) with EXPRESSIONS OOZING,2021-04-04,128178,4058,485,,
WE WERE ROBBED AND CHEATED I WANT REVENGE AND A TOP 4 FINISH| Newcastle vs Tottenham EXPRESSIONS,2021-04-03,39484,1633,158,,
GARETH BALE RETURNED TO SPURS FOR TRAINING??üò≥ WILL HARRY KANE  LEAVE? EXPRESSIONS REACTS,2021-03-25,95196,4498,505,,
EX RATED WITH SOPHIE ROSE - 10 THINGS THE STREETS WANT TO KNOW! EXPRESSIONS + @Sophie Rose World 18+,2021-03-24,225025,8878,974,,
FINALLY A WIN BUT THIS TEAM HAS MORE DEADWOOD THAN HBO| Aston Villa (0) vs Tottenham (2) EXPRESSIONS,2021-03-21,59658,3230,419,,
Aston Villa vs Tottenham LIVE with EXPRESSIONS OOZING,2021-03-21,71466,3166,54,,
"THE PLAYERS WOULD GET ANYONE SACKED, LEVY-ENIC, JOSE MORE ISSUES THAN PLAYBOY MAGAZINE OUT OF EUROPE",2021-03-19,95723,4966,834,,
"CRIMINAL FOSSIL FOOTBALL, A DISGRACE, OUT OF EUROPE IM LIVID!ü§¨ü§¨Dinamo (3) vs Spurs (0) EXPRESSIONS",2021-03-18,345052,13030,2795,,
Dinamo Zagreb vs Tottenham LIVE with EXPRESSIONS OOZING,2021-03-18,311948,9983,1193,,
"SPURS AND JOSE IN THE MUD, LIVERPOOL BOUNCE BACK, UNITED DO IT AGAIN! | NRG! NRG! NRG! EP 10",2021-03-17,41288,1834,371,,
EMIRATES OR NEVERLAND ALWAYS GETTING TOUCHED I'M FUMINGü§¨!| Arsenal (2) vs Tottenham (1) EXPRESSIONS,2021-03-14,238150,8904,1701,,
IT ALWAYS HAPPENS ü§¨ü§¨ü§¨| Arsenal vs Tottenham LIVE WITH EXPRESSIONS OOZING AND @James Redmond TV,2021-03-14,205651,5748,550,,
EXPRESSONS VS TROOPZ WE GO TO WAR THIS MEANS EVERYTHING!| Arsenal vs Tottenham PREVIEW @TroopzTV,2021-03-13,105014,4386,382,,
EXPRESSIONS VS AFTV (TY) WE COULDN'T AGREE ON ANYTHING! üòëü§¨Arsenal vs Tottenham NLD COMBINED 11,2021-03-12,172871,7629,1207,,
"REFEREE WAS A DISGRACE, THEY ARE NOT FOOTBALLERS THEY SHOULD JOIN THE UFC| Spurs (2) vs Dinamo (0)",2021-03-11,31799,1912,215,,
Tottenham vs Dinamo Zagreb LIVE WITH EXPRESSIONS OOZING,2021-03-11,36197,1458,57,,
"LIVERPOOL FINISHED üòÇ, SPURS CRUISINGüëÄ, UNITED STUFF CITY LIKE AN OREO @James Redmond TV  @Saeed TV",2021-03-10,32934,1728,247,,
"TOP 4 IS ON! GARETH WALES AND HARRY CLASS A ON FIRE, NLD NEXT!, Tottenham (4) vs Crystal Palace (1)",2021-03-07,48644,3252,423,,
Tottenham vs Crystal Palace LIVE WITH EXPRESSIONS OOZING,2021-03-07,77330,3726,91,,
VAR-SENAL AND PEPE THE GIFT KEEPS ON GIVING! Burnley 1 vs Arsenal 1 -Spurs vs CRYSTAL PALACE PREVIEW,2021-03-06,33285,1902,235,,
3 POINT ROBBERY WE MAY SEE MOURINHO IN GRAND THEFT AUTO 6üò≥! Fulham (0) vs Tottenham (1) EXPRESSIONS,2021-03-04,49098,2939,303,,
Fulham (0) vs Tottenham (1) LIVE With EXPRESSIONS OOZING,2021-03-04,48241,2928,43,,
WE WANT TO SEE FOOTBALL NOT TWO GUYS ARGUING OVER A PARKING SPACE! Fulham vs Tottenham| EXPRESSIONS,2021-03-03,23599,1507,186,,
GARETH UNVEILED BURNLEY HOLD A GEORGE FOUR-MAN SPECIAL| Tottenham 4 vs Burnley 0 EXPRESSIONS REACTS,2021-02-28,47112,3748,255,,
GARETH WALES ARRIVES!!! Tottenham (4) vs Burnley (0) LIVE WITH EXPRESSIONS OOZING,2021-02-28,68743,3577,85,,
WE BETTER WIN AGAINST GRANT MITCHELL FC OR WE ARE IN TROUBLE!| OOZING PICKS| Tottenham vs Burnley,2021-02-26,24509,1434,188,,
THE EUROPA LEAGUE IS ALL WE GOT LEFT! Tottenham (4) vs Wolfsberger AC (0) EXPRESSIONS REACTS,2021-02-24,45333,2416,260,,
Tottenham vs Wolfsberger AC LIVE WITH EXPRESSIONS OOZING @Rants N Bants,2021-02-24,62679,3143,50,,
"NO DEFENCE, EVERY TIME A TEAM ATTACKS US I GRAB MY BIBLE! West Ham (2) vs Tottenham (1) EXPRESSIONS",2021-02-21,140524,6398,925,,
OUR DEFENCE IS ABYSMAL! West Ham (2) vs Tottenham (1) LIVE WITH EXPRESSIONS OOZING,2021-02-21,146130,7305,231,,
"WHO WILL CATCH AN L THIS WEEK? ENERGY, ENERGY, ENERGY EP8 FT @James Redmond TV @United-Central",2021-02-19,32388,2055,62,,
Wolfsberger AC Vs Tottenham LIVE WITH EXPRESSIONS OOZING,2021-02-18,55033,2402,61,,
DEFENDERS OR COMEDIANS AT THE BACK? SHOCKINGüò≥ CAN SPURS WIN THE EUROPA LEAGUE? EXPRESSIONS REACTS,2021-02-17,43450,2575,366,,
TOUCHED UP BEFORE VALENTINES DAY AND ITS EMBARRASSING ü§¨| MAN CITY (3) VS TOTTENHAM (0) EXPRESSIONS,2021-02-13,162835,7272,961,,
I KNEW IT!!! We got folded like a scooter! |Man City vs Tottenham LIVE with EXPRESSIONS OOZING,2021-02-13,183512,7265,329,,
"SPURS CRASH OUT OF FA CUP, UNITED WIN ,ENERGY, ENERGY ENERGY EP 7 @James Redmond TV @United-Central",2021-02-12,36636,1957,55,,
"9 GOAL ROLLERCOASTER, AND SPURS OUT OF FA CUPü§¨Everton (5) vs Tottenham (4) EXPRESSIONS HIGHLIGHTS",2021-02-11,52860,2473,294,,
OUT OF THE FA CUP GET RID OF THE WHOLE DEFENCE AND MORE ü§¨  Everton (5) vs Tottenham (4) EXPRESSIONS,2021-02-10,171022,7044,1450,,
OUT OF THE FA CUP HERE WE GO!!! Everton (5) vs Tottenham Hotspur (4) LIVE WITH EXPRESSIONS OOZING,2021-02-10,205466,7149,360,,
HARRY CLASS A RETURNS TO TORMENT BIG SAM ALIZ√â |Tottenham (2) vs West Brom (0) EXPRESSIONS REACTS,2021-02-07,43126,3018,306,,
Tottenham vs West Brom 2-0 LIVE WITH EXPRESSIONS OOZING,2021-02-07,97734,4518,81,0.0,2.0
"TOOTHLESS SPURS AND LIVERPOOL,  UNITED 9- 0 ENERGY ENERGY ENERGY! @United-Central@White Yardie",2021-02-05,49340,3150,108,0.0,9.0
ABSOLUTE FOSSIL FOOTBALL IT LEAVES ME WITH NO FAITH ATHEIST FC! WE BETTER BEAT WEST BROM EXPRESSIONS,2021-02-05,77411,3255,592,,
I HAVE HAD ENOUGH!!!!!!! ü§¨ü§¨ü§¨ Tottenham (0) vs Chelsea (1) EXPRESSIONS REACTS,2021-02-04,194628,8600,1705,,
Tottenham vs Chelsea LIVE WITH EXPRESSIONS OOZING,2021-02-04,146805,6018,229,,
Spurs vs Chelsea PREVIEW | EXPRESSIONS VS SOPHIE ROSE-CAN WE BREAK THE RUN OF KATIE HOPKINS FOOTBALL,2021-02-02,119522,5647,816,,
"DISGRACEFUL FOSSIL FOOTBALL, FINES SHOULD BE HANDED OUTü§¨ü§¨ | Brighton (1) vs Spurs (0) EXPRESSIONS",2021-01-31,176400,7364,1381,,
Brighton vs Tottenham LIVE WITH EXPRESSIONS OOZING,2021-01-31,134795,6086,259,,
"LIVERPOOL DESTROY SPURS, KELL BROOK FC BEAT UNITED, | ENERGY! ENERGY! ENERGY! EP 5 @United-Central",2021-01-29,33418,1852,67,,
"SHOCKING DECISIONS FROM MOURINHO, COMEDY DEFENCE SOME OF THESE PLAYERS ARE DONE! EXPRESSIONS REACTS",2021-01-29,48694,2182,471,,
"IM FUMING, MISTAKE AFTER MISTAKE!!| Tottenham (1) vs Liverpool (3) EXPRESSIONS",2021-01-28,133662,5586,951,,
EMBARRASSING!!! I‚Äôm Fuming!! Tottenham vs Liverpool WATCH ALONG with EXPRESSIONS @James Redmond TV,2021-01-28,139352,4871,214,,
I WANT REVENGE!!| TOTTENHAM VS LIVERPOOL MATCH PREVIEW EXPRESSIONS VS HAMEZ,2021-01-27,28269,2145,101,,
"IS BALE FINISHED?? NDOMBALLING, FRANK LAMPARD SACKED!!! | WYCOMBE (1) VS TOTTENHAM (4) EXPRESSIONS",2021-01-25,53201,2912,432,,
Wycombe vs Tottenham FA CUP with EXPRESSIONS OOZING @tapintobs @Rants N Bants,2021-01-25,67796,2865,47,,
"BREXIT FC END LIVERPOOLS HOME RUN , UNITED WIN AGAIN, CITY FOR TITLE?| JUST KNOW BRUV-EHHH EPISODE 4",2021-01-22,34501,2240,67,,
I HAVE NEVER BEEN MORE EMBARRASSED! THIS GIRL IS CRAZY üò≥| THE EX FILES WITH EXPRESSIONS,2021-01-21,81532,5530,535,,
"SPURS SERVE UP SHEFFIELD, LIVERPOOL VS MAN UNITED STINK OUT THE REST OF THE DAY| EXPRESSIONS REACTS",2021-01-17,32854,2030,333,,
Sheffield United vs Tottenham LIVE WITH EXPRESSIONS OOZING  @tottenhamtobs  @James Redmond TV,2021-01-17,62361,2882,47,,
I WANT 3 POINTS BUT SHUTTING DOWN AFTER 1 GOAL HAS TO STOP| DELE LEAVING! POCHETTINO WINS TROPHY- EX,2021-01-16,29906,1576,256,,
"TERRIBLE WEEK OF FOOTBALL SO FAR, MAN UNITED VS LIVERPOOL |JUST KNOW BRUV-EHHH 3 @James Redmond TV",2021-01-15,29506,2137,127,,
I CAN'T BELIEVE IT!!! ü§¨ Tottenham (1)  vs Fulham (1) EXPRESSIONS REACTS,2021-01-13,108355,5323,1125,,
Tottenham vs Fulham LIVE WITH EXPRESSIONS OOZING +@James Redmond TV,2021-01-13,63154,2842,188,,
"VINICIUS= MORE GOALS THAN AUBA THIS SEASON üòÇ,DEVINE INTERVENTION FROM ALFIE MARINE (0) vs SPURS (5)",2021-01-10,32567,2194,397,,
WILL LAMPARD BE SACKED? CAN SPURS WIN CUP? LEAGUE ROUND UP |JUST KNOW BRUV-EHHH EP 2 @Rory Jennings,2021-01-07,44468,3330,140,,
Man United vs Man City CARABAO CUP SEMI FINAL LIVE @Expressions Oozing @TroopzTV @James Redmond TV,2021-01-06,69504,2368,115,,
I WANT THIS TROPHY THIS MEANS EVERYTHING BRING ON THE FINAL! Spurs (2) vs Brentford (0) EXPRESSIONS,2021-01-05,48219,3316,639,,
Ìù•ÎØºÏÜê SON-SATIONAL Tottenham vs Brentford LIVE with EXPRESSIONS OOZING @James Redmond TV  @LEE CHAPPY,2021-01-05,75028,3483,81,,
LEEDS GET OPENED UP IN TIER 4 WOO! DELE MISSING SELL-E ALI?| Tottenham (3) vs Leeds (0) EXPRESSIONS,2021-01-02,47789,2631,338,,
100 GOALS FOR SONALDO (Ìù•ÎØºÏÜê) Tottenham vs Leeds LIVE with EXPRESSIONS OOZING ~@James Redmond TV,2021-01-02,61742,2910,76,,
EXPRESSIONS RIPS INTO SOUTHGATE & RANTS NOT HAPPY AS RONALDO WINS UTD P.O.T.S | Bants Sports OOZ #43,2022-06-06,66311,3058,668,,
"SPURS SIGN PERI PERISIC, CONTE BACKED, WE NEED REINFORCEMENTS!! EXPRESSIONS REACTS",2022-06-01,61668,3132,388,,
"LIVERPOOL LOSE TO REAL MADRID IN CHAMPIONS LEAGUE, TROOPZ BLOCKS EXPRESSIONS! üòàBants Sports OOZ #42",2022-05-31,79046,3791,754,,
EXPRESSIONS LOSES HIS VOICE BUT STILL COOKS DON ROBBIE AND RANTS WINS THE WAR | Bants Sports OOZ #41,2022-05-24,121087,5215,929,,
"SPURS MAKE TOP 4, EX DRINKS ROBBIE AND TROOPZ TEARS, SON ÏÜêÌù•ÎØº WINS GOLDEN BOOT! Norwich 0-5 Tottenham",2022-05-22,116176,6956,750,5.0,0.0
NORWICH 0-5 Tottenham EXPRESSIONS Championship Sunday Live Barstool Philly Bar Presented by Skrill,2022-05-22,122524,3769,427,5.0,0.0
"EXPRESSIONS UNLEASHES ON TROOPZ & ROBBIE, RANTS HAS A MESSAGE FOR ARSENAL FANS! Bants Sports Ooz #40",2022-05-17,166638,7878,1602,,
SPURS TAKE THE TOP 4 BATTLE TO THE FINAL DAY! Tottenham 1-0 Burnley EXPRESSIONS REACTS,2022-05-15,57138,2814,307,1.0,0.0
Tottenham 1-0 Burnley | Premier League LIVE Watch Along with Expressions ÌÜ†Ìä∏ÎÑòvsÎ≤àÎ¶¨ ÏÜêÌù•ÎØº ÎùºÏù¥Î∏å Ï∂ïÍµ¨Ï§ëÍ≥Ñ,2022-05-15,59225,1898,54,1.0,0.0
ABSOLUTE SCENES AS SPURS WIN THE NORTH LONDON DERBY!Tottenham 3-0 Arsenal MATCH DAY VLOG EXPRESSIONS,2022-05-12,116640,5003,393,3.0,0.0
50 SHADES OF GREY IN NORTH LONDON!!! Tottenham 3-0 Arsenal EXPRESSIONS REACTS,2022-05-12,123019,8144,1184,3.0,0.0
IT KICKED OFF ONCE AGAIN! Who will get Top 4? Tottenham vs Arsenal COMBINED XI EXPRESSIONS @TroopzTV,2022-05-10,131631,6069,923,,
"BRIGHTON MUNICH STUN UNITED, SPURS RUIN LIVERPOOL‚ÄôS TITLE CHARGE TOP 4 BATTLE? Bants Sports OOZ #39",2022-05-09,63527,2531,795,,
IS TOP 4 OVER FOR SPURS? CRIMINAL REFEREEING! ü§¨ Liverpool 1-1 Tottenham EXPRESSIONS REACTS,2022-05-07,79173,3475,533,1.0,1.0
Liverpool 1-1 Tottenham | Premier League LIVE Watch Along with Expressions,2022-05-07,68259,2127,91,1.0,1.0
Pep Guardiola BOTTLES ANOTHER CHAMPIONS LEAGUE ! Real Madrid 3-1 Man City (6-5)  #shorts,2022-05-04,32044,1866,204,1.0,3.0
#petedavidson ALLEGEDLY GETS A TATTOO OF #kanyewest KIDS #shorts,2022-05-02,20600,995,42,,
THE FOXES HUNTED! THE TOP 4 HUNT IS STILL ON!! Tottenham 3-1 Leicester EXPRESSIONS REACTS,2022-05-01,43378,1953,228,3.0,1.0
ÏÜêÌù•ÎØº SONSATIONAL PERFORMANCE! Tottenham 3-1 Leicester | LIVE Watch Along with Expressions,2022-05-01,61517,1869,85,3.0,1.0
"SPURS STUNG BY THE BEES‚ÄôS üòë MAN UNITED‚ÄôS TOP 4 HOPES UP IN SMOKE, CONTE TO PSG? Bants Sports OOZ #37",2022-04-25,77503,3007,730,,
TYSON FURY VS DILLIAN WHYTE LIVE AT WEMBLEY | with Expressions & @Rants N Bants,2022-04-24,28901,1144,159,,
TOP 4 HOPES STUNG BY THE BEES! SHOCKING PERFORMANCE | Brentford 0-0 Tottenham EXPRESSIONS REACTS,2022-04-23,102699,4110,710,0.0,0.0
Brentford 0-0 Tottenham | Premier League LIVE Watch Along with Expressions,2022-04-23,70301,1785,189,0.0,0.0
NORTH LONDON PUT IN A SPLIFF WHILE RONALDO RUNS RIOT! Bants Sports OOZ #36,2022-04-18,62320,2516,887,,
90 MINUTES OF MY LIFE I WILL NEVER GET BACK ü§¨ Tottenham 0-1 Brighton MATCHDAY VLOG,2022-04-16,40803,1348,255,0.0,1.0
EMBARRASSING! SPURS GIVE ME HOPE JUST TO TAKE IT AWAY! ü§¨ Tottenham 0-1 Brighton EXPRESSIONS REACTS,2022-04-16,89327,3744,585,0.0,1.0
Did A$AP Rocky cheat on RIHANNA? #shorts,2022-04-15,24981,1046,34,,
CHAMPIONS LEAGUE BRAWL!!! - Atletico Madrid vs Manchester City #shorts,2022-04-14,25032,1358,53,,
"SPURS CONNECT 4, UNITED OUT OF TOP 4 RACE?, ASSNA IN A NORTH LONDON SPLIFF! Bants Sports OOZ #35",2022-04-11,73083,3304,478,,
SON SHINES AS SPURS CONNECT 4 ASSNA IN A SPLIFF AGAIN! Aston Villa 0-4 Tottenham EXPRESSIONS REACTS,2022-04-09,84823,5043,586,4.0,0.0
HEUNG MIN SON ÏÜêÌù•ÎØº DESTROYS VILLA! Aston Villa 0-4 Tottenham | LIVE Watch Along with Expressions,2022-04-09,92327,3181,253,4.0,0.0
"PATRICK VIAGRA DESTROYS ARSENAL, CHELSEA IN A SPLIFF, UNITED DRAW, SPURS TOP 4! Bants Sports OOZ #34",2022-04-05,72827,2827,548,,
WWE Wrestlemania 38 | LIVE Day 2 Watch Along With Expressions ft @Rants N Bants ‚Äã,2022-04-04,41861,1556,25,,
TOP 4 AND ABOVE THE ARSE LIKE A LOWER BACK! Tottenham 5-1 Newcastle EXPRESSIONS REACTS,2022-04-03,58959,3017,390,5.0,1.0
Tottenham 5-1 Newcastle | Premier League LIVE Watch Along with Expressions,2022-04-03,67013,2118,119,5.0,1.0
WWE Wrestlemania 38 | LIVE Day 1 Watch Along With Expressions ft @Rants N Bants ‚Äã,2022-04-03,42114,1589,72,,
"WILL SMITH VS CHRIS ROCK AT THE OSCARS, HARRY MAGUIRE BOO‚ÄôD, THE PREM IS BACK!! Bants Sports OOZ #33",2022-03-31,75476,3646,548,,
CHRIS ROCK SLAPPED BY WILL SMITH @ THE OSCARS #shorts #oscars2022 #willsmith,2022-03-28,33180,1493,107,,
"UNITED OUT OF EUROPE, SPURS OR ARSENAL FOR TOP 4, EL CLASSICO, POCH IN TROUBLE? BANTS SPORTS OOZ #32",2022-03-21,75990,2868,411,,
HEUNG MIN SON ÏÜêÌù•ÎØº DESTROYS THE HAMMERS! Tottenham 3-1 West Ham EXPRESSIONS VLOG,2022-03-20,49959,2203,172,3.0,1.0
WEST HAM PUT IN A SPLIFF AND CAT LIVES MATTER FOR ZOUMA | Tottenham 3-1 West Ham EXPRESSIONS REACTS,2022-03-20,51844,2937,240,3.0,1.0
EXPRESSIONS STORE AND MERCH IS OUT NOW!!!,2022-03-18,11742,743,98,,
HARRY MAGUIRE BEING SELECTED FOR ENGLAND IS FOOTBALLING ILLUMINATIü§î #shorts,2022-03-17,54275,2788,181,,
THE WIN LOSE RECORD CONTINUES TOP 4? Brighton 0-2 Tottenham MATCH REACTION with EXPRESSIONS,2022-03-16,36512,1824,220,2.0,0.0
Brighton 0-2 Tottenham | Premier League LIVE Watch Along with Expressions,2022-03-16,44214,1258,23,2.0,0.0
"PETE DAVIDSON ""IM IN BED WITH YOUR WIFE"" #petedavidson #kanyewest",2022-03-14,312793,5851,264,,
"EX AND RANTS CLASH OVER RONALDO, TOP 4 ASSNA, CHELSCUM IN FINANCIAL TURMOIL | BANTS SPORTS OOZ #31",2022-03-14,88800,3898,1220,,
RONALDO RUNS RIOT AND SPURS LOSE AGAIN! ü§¨ Manchester United 3-2 Tottenham EXPRESSIONS REACTS,2022-03-12,178873,7524,1086,2.0,3.0
Manchester United 3-2 Tottenham | Premier League LIVE Watch Along with Expressions,2022-03-12,165089,4117,484,2.0,3.0
"MAN UNITED EMBARRASSED IN DERBY, LAMPARD TO RELEGATE EVERTON? Bants Sports OOZ #30",2022-03-08,69676,2792,458,,
"FRANK LAMPARD PUT IN A SPLIFF, SACKED IN THE MORNING! Tottenham 5-0 Everton EXPRESSIONS REACTS",2022-03-07,71547,3491,372,5.0,0.0
Tottenham 5-0 Everton | Premier League LIVE Watch Along with Expressions,2022-03-07,70670,2177,51,5.0,0.0
TOTTENHAM OUT OF THE FA CUP ON MY BIRTHDAY ü§¨ü§¨ Middlesbrough 1-0 Tottenham EXPRESSIONS REACTS,2022-03-01,182312,9164,1468,0.0,1.0
Middlesbrough 1-0 Tottenham | FA Cup LIVE Watch Along with Expressions,2022-03-01,129141,3808,432,0.0,1.0
KEPA COSTS CHELSEA THE CUP & CR7 IS IT TIME TO RETIRE? Bants Sports OOZ #29,2022-02-28,66556,2737,568,,
LEEDS PUT IN A SPLIFF THEY COULD BE RELEGATED!!  Leeds 0-4 Tottenham EXPRESSIONS REACTS,2022-02-26,48499,2339,247,4.0,0.0
Leeds 0-4 Tottenham | LIVE Watch Along With Expressions,2022-02-26,69333,2161,44,4.0,0.0
ANTONIO CONTE LOSES IT IN POST MATCH INTERVIEW! WILL HE LEAVE TOTTENHAM? EXPRESSIONS REACTS,2022-02-24,104855,4405,590,,
WHAT AN ABSOLUTE JOKE!! ü§¨ Burnley 1-0 Tottenham EXPRESSIONS REACTS,2022-02-23,152928,6047,1015,0.0,1.0
Burnley 1-0 Tottenham | LIVE Watch Along With Expressions,2022-02-23,85421,2404,212,0.0,1.0
"SPURS BEAT CITY, FODEN'S MUM VS SCOUSERS & EX MEETS AMY DAY FROM LOVE ISLAND! Bants Sports OOZ #28",2022-02-21,78804,3067,516,,
Amir Khan vs Kell Brook | LIVE Bants Sports OOZ Watch Along ft Expressions and Rants,2022-02-19,63757,1855,49,,
CITEHHH TURNED OVER AT HOME!!! Manchester City 2-3 Tottenham EXPRESSIONS REACTS,2022-02-19,133685,7062,700,3.0,2.0
Manchester City 2-3 Tottenham | LIVE Watch Along With Expressions,2022-02-19,201928,7166,471,3.0,2.0
THIS COULD BE A PREMIER LEAGUE FUNERAL! MANCHESTER CITY VS TOTTENHAM - Match Preview @Big Steve Mcfc,2022-02-18,57012,2833,326,,
"SPURS LOSE AGAIN, RONALDO IS FINISHED? THOUGHTS ON SUPERBOWL - Bants Sports OOZ #27",2022-02-14,90544,3616,656,,
IM SEETHING AFTER THAT PERFORMANCE ü§¨ Tottenham 0-2 Wolves MATCHDAY VLOG,2022-02-13,91015,2920,448,0.0,2.0
TOP 4 IS DONE I'VE HAD ENOUGH OF BELIEVING! - Tottenham 0-2 Wolves EXPRESSIONS REACTS,2022-02-13,172198,7762,1259,0.0,2.0
DOMINATED 50 SHADES OF SOUTHAMPTON IM FUMING! ü§¨ Tottenham 2-3 Southampton EXPRESSIONS REACTS,2022-02-09,137655,5734,794,2.0,3.0
Tottenham 2-3 Southampton | LIVE Watch Along With Expressions,2022-02-09,109947,3364,496,2.0,3.0
"UNITED CRASH OUT THE FA CUP, MARC OVERMARS & FOXES GET FED!! Bants Sports OOZ #26",2022-02-07,56401,2445,484,,
CHAMPAGNE FOOTBALL IS BACK!!! Tottenham 3-1 Brighton EXPRESSIONS REACTS,2022-02-05,45905,2333,224,3.0,1.0
Tottenham 3-1 Brighton FA CUP | LIVE Watch Along With Expressions,2022-02-05,44536,1512,51,3.0,1.0
THE ITALIAN JOB BEGINS? AUBAMEYANG LEAVES & GREENWOOD SUSPENDED! @Aba & Preach Bants Sports OOZ #25,2022-02-01,110269,4905,822,,
WWE Royal Rumble 2022 | LIVE Watch Along With Expressions ft @Rants N Bants,2022-01-30,65184,2075,105,,
ANOTHER SHOCKING TRANSFER WINDOW FOR SPURS! ü§¨ WILL CONTE WALK? TRAORE DEAL OFF! EXPRESSIONS REACTS,2022-01-27,87685,3598,689,,
"SPURS LOSE TO CHELSEA AGAIN, ROLEX RALPH BACK, ARSENAL OUT 2 CUPS IN 2 WEEKS! Bants Sports OOZ #24",2022-01-24,66050,2549,449,,
"IM TIRED OF PLAYING CHELSEA NOW, WE NEVER WIN! Chelsea 2-0 Tottenham EXPRESSIONS REACTS",2022-01-23,112439,5086,630,0.0,2.0
Chelsea 2-0 Tottenham | LIVE Watch Along With Expressions,2022-01-23,98860,2947,185,0.0,2.0
BLACK GREALISH STEVIE WONDER TO THE RESCUE!!! Leicester 2-3 Tottenham EXPRESSIONS REACTS,2022-01-19,88676,4878,392,3.0,2.0
Leicester 2-3 Tottenham | LIVE Watch Along With Expressions,2022-01-19,177244,6407,576,3.0,2.0
ARSENAL GET THE NLD POSTPONED üò≠ AND CR7 RIPS UNITED PLAYERS MENTALITY! Bants Sports OOZ #23,2022-01-17,70425,2595,581,,
THE NORTH LONDON DERBY IS HERE! TOTTENHAM VS ARSENAL - Expressions vs @TroopzTV,2022-01-14,112564,5360,589,,
WE ARE OUT OF THE CUP!!! üò°üò°üò° | Tottenham 0-1 Chelsea MATCH DAY VLOG with EXPRESSIONS,2022-01-13,49461,1913,224,0.0,1.0
OUT THE CARABAO CUP ü§¨Tottenham 0-1 Chelsea (0-3) MATCH REACTION with EXPRESSIONS,2022-01-12,99145,5348,629,0.0,1.0
"ASSNA OUT OF THE FA CUP, EXPRESSIONS AND RANTS WANT PLAYERS OUT!!! - Bants Sports OOZ #22",2022-01-10,57189,2389,414,,
ABSOLUTELY DISGRACEFUL IM FUMING! ü§¨ Chelsea 2-0 Tottenham - Carabao Cup | EXPRESSIONS REACTS,2022-01-05,127626,6037,830,0.0,2.0
DISGRACEFUL PERFORMANCE! ü§¨Chelsea 2-0 Tottenham - Carabao Cup | LIVE Watch Along With Expressions,2022-01-05,103230,2878,203,0.0,2.0
"WRECK IT RALF AT THE WHEEL, VAR-SENAL ROBBED? ü§£ LUKAKU WANTS OUT! Bants Sports OOZ #21",2022-01-04,67467,2933,780,,
3 POINTS BUT CONTE NEEDS SOME NEW PLAYERS IMMEDIATELY!!! Watford 0-1 Tottenham | EXPRESSIONS REACTS,2022-01-01,45607,2203,234,1.0,0.0
Watford 0-1 Tottenham | LIVE Watch Along With Expressions,2022-01-01,80944,2378,130,1.0,0.0
